old	new
0025a7d2df	d5c7918279
01faf16958	61cc0912e0
02ff0e83ac	5fbb0a1e5a
09a5c710c3	6043e1f895
0ae1271ca0	dee6e12a95
0b04330dff	14221f0dc1
0c56d45a98	254ff5c85c
0c9d4364c8	447ce1c096
12e75dd157	c7cceca2b9
14847dce87	7cd5c254e2
181f12de53	e5ef8590dc
183261c930	6f9c7ad163
186c370aab	95ceacc568
19fdf43b59	c031629f7c
1a430143c7	1152ed461f
1ae44816da	8407e3eed5
1cf7489ff5	275de4a7f1
1eb0697b94	eb657a0616
219df5169a	223ddc505d
21ef94e577	9043420ead
221e818392	80159ec032
2255edc7d4	5aa0a2c8db
22e5fa7960	4ed1f09820
260f2e6677	ec7ba78d32
27451ccdc2	28c638737a
28b2a3b59a	7356fa2f38
2c2a5785bf	da386dcb5d
2c584d4aad	ef56a6a9ae
2c9ecb0b12	57e1ce8f44
2d7a2ffb46	df7e310bf0
2ff23551d5	dc6645948e
3001c747db	2d04aa79f1
35b20fd65b	37ba63cfa7
375ea8497a	2a54dafe0d
3d777e9c2f	6f0a993a58
3e2d58a0a5	352fbd234b
3e721d354c	d301b8a9cd
3e7e557fb7	f7cd552a05
413d8d1b03	c2c724748c
41437ffa4e	461ca53528
428567878f	4b428bed51
438da5a8c6	8cdc3a5e2d
43fe203389	9bec941027
4619d74da3	3a4bfc3ceb
4806d71913	15783e1cc2
487319b1e2	33796a7712
4a3f951ad2	fdf42745a4
4c0e1ad6f7	4ee7018791
4d2408d2c3	58e37d6cd3
4e1418e988	52a4c30e1a
4e515098f1	13f35d8a61
50f7220c82	5f2f5cbc1f
5376fee5cd	b30e2b843b
54c2e135ec	e329ef4457
55ec00e357	7a7565ae98
586497ac54	15998e8572
58d1a5e07e	322c65340d
5b07e089f7	97d122fc78
5cae28e3b4	9f1133137f
5d44cbd3d8	abe589ff1c
5e9a9a48c8	6537e6af71
5ed589cbe4	df5693e8aa
5f01f51aed	b9b42c32fc
601423885e	d9b771b29d
633c5a1e1b	01dc916e37
644c37a207	3f055b88f8
644f331847	b99cb60331
6495481628	ac403137dc
65195e5b32	d3f1a4da30
67e12fb737	e18bc67586
684436c7e7	6201870cb1
6ba6944b83	d9c382c7df
6bf247d70a	5d5fc0eb07
6f23848e4a	f880e45f8b
6fbc9ea4c4	bd2549930c
72147093ef	cdeec9ab95
7278dd470d	0ba970a3b2
7971b0b8e2	63d10d8c10
7a5275933f	c99302ced8
7b9962703d	820b23ae70
80a81d6430	9c0eea5060
833a928e34	923e67279c
850e1caa1b	17dba7c86e
85f300fd73	8d828ea2c2
86e2c58b3a	0b6aa8ba0f
878e01b514	1ad9150cb7
8f469d7fc9	02e32a3eaa
8fd29591bf	7ff3ed0bc8
905082c93f	dfac8cd57c
90d3edee1f	0319921caf
9195e813ac	3ba30db50f
9383d25eee	4471d231ca
93b4306a4f	cbc7a007f2
9481ec5481	4e18c1dcf1
95485628f3	cd6671190a
970fd5e169	2df42ef5db
98c5277074	2928a8ec9f
992f1ff114	190d492f07
9979660e83	3cde2306c6
9ac4b626ea	6058018f54
9be63042df	c0fabe0be5
9cab55d9f6	5cce4e9594
9f1f8b7731	371ad4a84b
9f39976285	3b1a6a612b
9faa6ba65f	3cf47b8072
a60125e90d	8b4302688e
a7cb21afd2	5b44138266
a9710ce576	80da26c831
aab6975661	ac92f78973
b1b75eb732	e09152e22e
b3d34fc284	35be4464f5
b4f8f7281a	cce2a046af
b529ba41fb	4690a462cd
b56946ace4	fb56e23911
b593f4a528	e63d500bb2
b64f70c0c4	1ac82ac877
bd8041b46b	6b7d1e7293
be8181e614	bfe3c1d668
bf386af98c	29ab16f891
c351744969	395434f335
c564792503	706e3827b4
c8f008f3cd	67cb966936
c91e607b0e	93ccf9f7b1
c9bab3c8d7	ae9ffc1a77
cd3387cd20	f5708c8ac3
d27a2e75dc	a54131042f
d3767ec0ec	e2b8e7dab1
d6a7c068f3	9d5856b751
d6d8133529	6c5b1fddc6
d7feab356a	8b64490e11
d9fb746edf	001a139934
dab2b41783	0e465dec7a
db16ad622f	430fab5c2b
dd6077f730	5051966ebe
deb74c5afb	daa0b5656b
ded6d246de	2f3614a239
defae682b7	6e60d462e0
e06cb430ba	ddd45fd0d3
e21ebe208a	6b2853ab63
e2e2663212	938d01a03b
e4d75e491d	c2c74f9868
e7bede84db	b9378c0263
eb106aff74	25fba0190c
ed19b67676	75c1e2614d
ed97bb5cd1	a9e2ce53de
ee27ac481f	bacef76f60
ef5aa9bf4f	65069cb4cd
f4a40e1a28	7c833b985d
f54b50378f	acd55b5927
f64e039234	e7252a2490
f69314b25a	323175422d
f7c44d99d9	1c5e599897
f994d13bef	19a9ea80f6
fa7efa31e7	8a501e6ef4
fcfe731125	09686db024
fd82520790	1a6f3b746d
ffaa9bdf08	76feb80ccc
